{
  "project_info": {
    "project_number": "805673138130",
    "project_id": "consultasfirestore",
    "storage_bucket": "consultasfirestore.appspot.com"
  },
  "client": [
    {
      "client_info": {
        "mobilesdk_app_id": "1:805673138130:android:08566ca703ce110405fa0b",
        "android_client_info": {
          "package_name": "com.example.consultasfirestore"
        }
      },
      "oauth_client": [
        {
          "client_id": "805673138130-p20mn1mr8fl7qev3pmudivnhi0m0foms.apps.googleusercontent.com",
          "client_type": 1,
          "android_info": {
            "package_name": "com.example.consultasfirestore",
            "certificate_hash": "d404b492a1da3b204ddf2c65adc1dcf671b69cd2"
          }
        },
        {
          "client_id": "805673138130-trchcsl68sn7jh36l1cmdge1peviqkhn.apps.googleusercontent.com",
          "client_type": 3
        }
      ],
      "api_key": [
        {
          "current_key": "AIzaSyAmuItgxF-QM1T_Nu516o_qNF0BUoy-Kag"
        }
      ],
      "services": {
        "appinvite_service": {
          "other_platform_oauth_client": [
            {
              "client_id": "805673138130-trchcsl68sn7jh36l1cmdge1peviqkhn.apps.googleusercontent.com",
              "client_type": 3
            }
          ]
        }
      }
    }
  ],
  "configuration_version": "1"
}